"Jurisdiction by Geography","Offender Race","Offender Age","Offender Gender","Number of Incidents",
"Barnstable County","White","Under 18","Female","68"
"Barnstable County","White","Under 18","Male","164"
"Barnstable County","White","18 and over","Female","526"
"Barnstable County","White","18 and over","Male","1,299"
"Barnstable County","White","Unknown","Female","5"
"Barnstable County","White","Unknown","Male","20"
"Barnstable County","White","Missing","Female",""
"Barnstable County","White","Missing","Male",""
"Barnstable County","Black or African American","Under 18","Female","16"
"Barnstable County","Black or African American","Under 18","Male","58"
"Barnstable County","Black or African American","18 and over","Female","95"
"Barnstable County","Black or African American","18 and over","Male","296"
"Barnstable County","Black or African American","Unknown","Female","1"
"Barnstable County","Black or African American","Unknown","Male","4"
"Barnstable County","Black or African American","Missing","Female",""
"Barnstable County","Black or African American","Missing","Male",""
"Barnstable County","American Indian or Alaska Native","Under 18","Female",""
"Barnstable County","American Indian or Alaska Native","Under 18","Male",""
"Barnstable County","American Indian or Alaska Native","18 and over","Female","3"
"Barnstable County","American Indian or Alaska Native","18 and over","Male","8"
"Barnstable County","American Indian or Alaska Native","Unknown","Female",""
"Barnstable County","American Indian or Alaska Native","Unknown","Male",""
"Barnstable County","American Indian or Alaska Native","Missing","Female",""
"Barnstable County","American Indian or Alaska Native","Missing","Male",""
"Barnstable County","Asian","Under 18","Female",""
"Barnstable County","Asian","Under 18","Male",""
"Barnstable County","Asian","18 and over","Female","7"
"Barnstable County","Asian","18 and over","Male","11"
"Barnstable County","Asian","Unknown","Female",""
"Barnstable County","Asian","Unknown","Male",""
"Barnstable County","Asian","Missing","Female",""
"Barnstable County","Asian","Missing","Male",""
"Barnstable County","Native Hawaiian or Other Pacific Islander","Under 18","Female",""
"Barnstable County","Native Hawaiian or Other Pacific Islander","Under 18","Male",""
"Barnstable County","Native Hawaiian or Other Pacific Islander","18 and over","Female",""
"Barnstable County","Native Hawaiian or Other Pacific Islander","18 and over","Male",""
"Barnstable County","Native Hawaiian or Other Pacific Islander","Unknown","Female",""
"Barnstable County","Native Hawaiian or Other Pacific Islander","Unknown","Male",""
"Barnstable County","Native Hawaiian or Other Pacific Islander","Missing","Female",""
"Barnstable County","Native Hawaiian or Other Pacific Islander","Missing","Male",""
"Berkshire County","White","Under 18","Female","37"
"Berkshire County","White","Under 18","Male","98"
"Berkshire County","White","18 and over","Female","381"
"Berkshire County","White","18 and over","Male","893"
"Berkshire County","White","Unknown","Female",""
"Berkshire County","White","Unknown","Male",""
"Berkshire County","White","Missing","Female",""
"Berkshire County","White","Missing","Male",""
"Berkshire County","Black or African American","Under 18","Female","15"
"Berkshire County","Black or African American","Under 18","Male","33"
"Berkshire County","Black or African American","18 and over","Female","62"
"Berkshire County","Black or African American","18 and over","Male","181"
"Berkshire County","Black or African American","Unknown","Female","1"
"Berkshire County","Black or African American","Unknown","Male",""
"Berkshire County","Black or African American","Missing","Female",""
"Berkshire County","Black or African American","Missing","Male",""
"Berkshire County","American Indian or Alaska Native","Under 18","Female",""
"Berkshire County","American Indian or Alaska Native","Under 18","Male",""
"Berkshire County","American Indian or Alaska Native","18 and over","Female",""
"Berkshire County","American Indian or Alaska Native","18 and over","Male","2"
"Berkshire County","American Indian or Alaska Native","Unknown","Female",""
"Berkshire County","American Indian or Alaska Native","Unknown","Male",""
"Berkshire County","American Indian or Alaska Native","Missing","Female",""
"Berkshire County","American Indian or Alaska Native","Missing","Male",""
"Berkshire County","Asian","Under 18","Female",""
"Berkshire County","Asian","Under 18","Male",""
"Berkshire County","Asian","18 and over","Female",""
"Berkshire County","Asian","18 and over","Male","8"
"Berkshire County","Asian","Unknown","Female",""
"Berkshire County","Asian","Unknown","Male","1"
"Berkshire County","Asian","Missing","Female",""
"Berkshire County","Asian","Missing","Male",""
"Berkshire County","Native Hawaiian or Other Pacific Islander","Under 18","Female",""
"Berkshire County","Native Hawaiian or Other Pacific Islander","Under 18","Male",""
"Berkshire County","Native Hawaiian or Other Pacific Islander","18 and over","Female",""
"Berkshire County","Native Hawaiian or Other Pacific Islander","18 and over","Male",""
"Berkshire County","Native Hawaiian or Other Pacific Islander","Unknown","Female",""
"Berkshire County","Native Hawaiian or Other Pacific Islander","Unknown","Male",""
"Berkshire County","Native Hawaiian or Other Pacific Islander","Missing","Female",""
"Berkshire County","Native Hawaiian or Other Pacific Islander","Missing","Male",""
"Bristol County","White","Under 18","Female","235"
"Bristol County","White","Under 18","Male","429"
"Bristol County","White","18 and over","Female","1,598"
"Bristol County","White","18 and over","Male","3,706"
"Bristol County","White","Unknown","Female","7"
"Bristol County","White","Unknown","Male","40"
"Bristol County","White","Missing","Female",""
"Bristol County","White","Missing","Male",""
"Bristol County","Black or African American","Under 18","Female","108"
"Bristol County","Black or African American","Under 18","Male","199"
"Bristol County","Black or African American","18 and over","Female","389"
"Bristol County","Black or African American","18 and over","Male","1,334"
"Bristol County","Black or African American","Unknown","Female","1"
"Bristol County","Black or African American","Unknown","Male","15"
"Bristol County","Black or African American","Missing","Female",""
"Bristol County","Black or African American","Missing","Male",""
"Bristol County","American Indian or Alaska Native","Under 18","Female",""
"Bristol County","American Indian or Alaska Native","Under 18","Male","1"
"Bristol County","American Indian or Alaska Native","18 and over","Female","1"
"Bristol County","American Indian or Alaska Native","18 and over","Male","4"
"Bristol County","American Indian or Alaska Native","Unknown","Female",""
"Bristol County","American Indian or Alaska Native","Unknown","Male",""
"Bristol County","American Indian or Alaska Native","Missing","Female",""
"Bristol County","American Indian or Alaska Native","Missing","Male",""
"Bristol County","Asian","Under 18","Female","2"
"Bristol County","Asian","Under 18","Male","6"
"Bristol County","Asian","18 and over","Female","13"
"Bristol County","Asian","18 and over","Male","26"
"Bristol County","Asian","Unknown","Female",""
"Bristol County","Asian","Unknown","Male",""
"Bristol County","Asian","Missing","Female",""
"Bristol County","Asian","Missing","Male",""
"Bristol County","Native Hawaiian or Other Pacific Islander","Under 18","Female",""
"Bristol County","Native Hawaiian or Other Pacific Islander","Under 18","Male",""
"Bristol County","Native Hawaiian or Other Pacific Islander","18 and over","Female",""
"Bristol County","Native Hawaiian or Other Pacific Islander","18 and over","Male",""
"Bristol County","Native Hawaiian or Other Pacific Islander","Unknown","Female",""
"Bristol County","Native Hawaiian or Other Pacific Islander","Unknown","Male",""
"Bristol County","Native Hawaiian or Other Pacific Islander","Missing","Female",""
"Bristol County","Native Hawaiian or Other Pacific Islander","Missing","Male",""
"Dukes County","White","Under 18","Female","4"
"Dukes County","White","Under 18","Male","5"
"Dukes County","White","18 and over","Female","48"
"Dukes County","White","18 and over","Male","165"
"Dukes County","White","Unknown","Female",""
"Dukes County","White","Unknown","Male",""
"Dukes County","White","Missing","Female",""
"Dukes County","White","Missing","Male",""
"Dukes County","Black or African American","Under 18","Female",""
"Dukes County","Black or African American","Under 18","Male",""
"Dukes County","Black or African American","18 and over","Female","9"
"Dukes County","Black or African American","18 and over","Male","21"
"Dukes County","Black or African American","Unknown","Female",""
"Dukes County","Black or African American","Unknown","Male",""
"Dukes County","Black or African American","Missing","Female",""
"Dukes County","Black or African American","Missing","Male",""
"Dukes County","American Indian or Alaska Native","Under 18","Female",""
"Dukes County","American Indian or Alaska Native","Under 18","Male",""
"Dukes County","American Indian or Alaska Native","18 and over","Female","1"
"Dukes County","American Indian or Alaska Native","18 and over","Male",""
"Dukes County","American Indian or Alaska Native","Unknown","Female",""
"Dukes County","American Indian or Alaska Native","Unknown","Male",""
"Dukes County","American Indian or Alaska Native","Missing","Female",""
"Dukes County","American Indian or Alaska Native","Missing","Male",""
"Dukes County","Asian","Under 18","Female",""
"Dukes County","Asian","Under 18","Male",""
"Dukes County","Asian","18 and over","Female","1"
"Dukes County","Asian","18 and over","Male","4"
"Dukes County","Asian","Unknown","Female",""
"Dukes County","Asian","Unknown","Male",""
"Dukes County","Asian","Missing","Female",""
"Dukes County","Asian","Missing","Male",""
"Dukes County","Native Hawaiian or Other Pacific Islander","Under 18","Female",""
"Dukes County","Native Hawaiian or Other Pacific Islander","Under 18","Male",""
"Dukes County","Native Hawaiian or Other Pacific Islander","18 and over","Female",""
"Dukes County","Native Hawaiian or Other Pacific Islander","18 and over","Male",""
"Dukes County","Native Hawaiian or Other Pacific Islander","Unknown","Female",""
"Dukes County","Native Hawaiian or Other Pacific Islander","Unknown","Male",""
"Dukes County","Native Hawaiian or Other Pacific Islander","Missing","Female",""
"Dukes County","Native Hawaiian or Other Pacific Islander","Missing","Male",""
"Essex County","White","Under 18","Female","200"
"Essex County","White","Under 18","Male","405"
"Essex County","White","18 and over","Female","1,420"
"Essex County","White","18 and over","Male","3,219"
"Essex County","White","Unknown","Female","9"
"Essex County","White","Unknown","Male","38"
"Essex County","White","Missing","Female",""
"Essex County","White","Missing","Male",""
"Essex County","Black or African American","Under 18","Female","51"
"Essex County","Black or African American","Under 18","Male","79"
"Essex County","Black or African American","18 and over","Female","222"
"Essex County","Black or African American","18 and over","Male","644"
"Essex County","Black or African American","Unknown","Female","2"
"Essex County","Black or African American","Unknown","Male","5"
"Essex County","Black or African American","Missing","Female",""
"Essex County","Black or African American","Missing","Male",""
"Essex County","American Indian or Alaska Native","Under 18","Female",""
"Essex County","American Indian or Alaska Native","Under 18","Male","1"
"Essex County","American Indian or Alaska Native","18 and over","Female","1"
"Essex County","American Indian or Alaska Native","18 and over","Male","5"
"Essex County","American Indian or Alaska Native","Unknown","Female",""
"Essex County","American Indian or Alaska Native","Unknown","Male",""
"Essex County","American Indian or Alaska Native","Missing","Female",""
"Essex County","American Indian or Alaska Native","Missing","Male",""
"Essex County","Asian","Under 18","Female","7"
"Essex County","Asian","Under 18","Male","4"
"Essex County","Asian","18 and over","Female","28"
"Essex County","Asian","18 and over","Male","46"
"Essex County","Asian","Unknown","Female",""
"Essex County","Asian","Unknown","Male","1"
"Essex County","Asian","Missing","Female",""
"Essex County","Asian","Missing","Male",""
"Essex County","Native Hawaiian or Other Pacific Islander","Under 18","Female",""
"Essex County","Native Hawaiian or Other Pacific Islander","Under 18","Male",""
"Essex County","Native Hawaiian or Other Pacific Islander","18 and over","Female",""
"Essex County","Native Hawaiian or Other Pacific Islander","18 and over","Male",""
"Essex County","Native Hawaiian or Other Pacific Islander","Unknown","Female",""
"Essex County","Native Hawaiian or Other Pacific Islander","Unknown","Male",""
"Essex County","Native Hawaiian or Other Pacific Islander","Missing","Female",""
"Essex County","Native Hawaiian or Other Pacific Islander","Missing","Male",""
"Franklin County","White","Under 18","Female","20"
"Franklin County","White","Under 18","Male","57"
"Franklin County","White","18 and over","Female","171"
"Franklin County","White","18 and over","Male","366"
"Franklin County","White","Unknown","Female","1"
"Franklin County","White","Unknown","Male","16"
"Franklin County","White","Missing","Female",""
"Franklin County","White","Missing","Male",""
"Franklin County","Black or African American","Under 18","Female",""
"Franklin County","Black or African American","Under 18","Male","6"
"Franklin County","Black or African American","18 and over","Female","14"
"Franklin County","Black or African American","18 and over","Male","49"
"Franklin County","Black or African American","Unknown","Female","1"
"Franklin County","Black or African American","Unknown","Male",""
"Franklin County","Black or African American","Missing","Female",""
"Franklin County","Black or African American","Missing","Male",""
"Franklin County","American Indian or Alaska Native","Under 18","Female",""
"Franklin County","American Indian or Alaska Native","Under 18","Male",""
"Franklin County","American Indian or Alaska Native","18 and over","Female","1"
"Franklin County","American Indian or Alaska Native","18 and over","Male",""
"Franklin County","American Indian or Alaska Native","Unknown","Female",""
"Franklin County","American Indian or Alaska Native","Unknown","Male",""
"Franklin County","American Indian or Alaska Native","Missing","Female",""
"Franklin County","American Indian or Alaska Native","Missing","Male",""
"Franklin County","Asian","Under 18","Female",""
"Franklin County","Asian","Under 18","Male",""
"Franklin County","Asian","18 and over","Female",""
"Franklin County","Asian","18 and over","Male","1"
"Franklin County","Asian","Unknown","Female",""
"Franklin County","Asian","Unknown","Male",""
"Franklin County","Asian","Missing","Female",""
"Franklin County","Asian","Missing","Male",""
"Franklin County","Native Hawaiian or Other Pacific Islander","Under 18","Female",""
"Franklin County","Native Hawaiian or Other Pacific Islander","Under 18","Male",""
"Franklin County","Native Hawaiian or Other Pacific Islander","18 and over","Female",""
"Franklin County","Native Hawaiian or Other Pacific Islander","18 and over","Male",""
"Franklin County","Native Hawaiian or Other Pacific Islander","Unknown","Female",""
"Franklin County","Native Hawaiian or Other Pacific Islander","Unknown","Male",""
"Franklin County","Native Hawaiian or Other Pacific Islander","Missing","Female",""
"Franklin County","Native Hawaiian or Other Pacific Islander","Missing","Male",""
"Hampden County","White","Under 18","Female","292"
"Hampden County","White","Under 18","Male","565"
"Hampden County","White","18 and over","Female","1,993"
"Hampden County","White","18 and over","Male","4,466"
"Hampden County","White","Unknown","Female","12"
"Hampden County","White","Unknown","Male","56"
"Hampden County","White","Missing","Female",""
"Hampden County","White","Missing","Male",""
"Hampden County","Black or African American","Under 18","Female","109"
"Hampden County","Black or African American","Under 18","Male","178"
"Hampden County","Black or African American","18 and over","Female","627"
"Hampden County","Black or African American","18 and over","Male","1,626"
"Hampden County","Black or African American","Unknown","Female","2"
"Hampden County","Black or African American","Unknown","Male","5"
"Hampden County","Black or African American","Missing","Female",""
"Hampden County","Black or African American","Missing","Male",""
"Hampden County","American Indian or Alaska Native","Under 18","Female",""
"Hampden County","American Indian or Alaska Native","Under 18","Male",""
"Hampden County","American Indian or Alaska Native","18 and over","Female","1"
"Hampden County","American Indian or Alaska Native","18 and over","Male","5"
"Hampden County","American Indian or Alaska Native","Unknown","Female",""
"Hampden County","American Indian or Alaska Native","Unknown","Male",""
"Hampden County","American Indian or Alaska Native","Missing","Female",""
"Hampden County","American Indian or Alaska Native","Missing","Male",""
"Hampden County","Asian","Under 18","Female","2"
"Hampden County","Asian","Under 18","Male","4"
"Hampden County","Asian","18 and over","Female","11"
"Hampden County","Asian","18 and over","Male","43"
"Hampden County","Asian","Unknown","Female",""
"Hampden County","Asian","Unknown","Male","1"
"Hampden County","Asian","Missing","Female",""
"Hampden County","Asian","Missing","Male",""
"Hampden County","Native Hawaiian or Other Pacific Islander","Under 18","Female",""
"Hampden County","Native Hawaiian or Other Pacific Islander","Under 18","Male",""
"Hampden County","Native Hawaiian or Other Pacific Islander","18 and over","Female",""
"Hampden County","Native Hawaiian or Other Pacific Islander","18 and over","Male",""
"Hampden County","Native Hawaiian or Other Pacific Islander","Unknown","Female",""
"Hampden County","Native Hawaiian or Other Pacific Islander","Unknown","Male",""
"Hampden County","Native Hawaiian or Other Pacific Islander","Missing","Female",""
"Hampden County","Native Hawaiian or Other Pacific Islander","Missing","Male",""
"Hampshire County","White","Under 18","Female","37"
"Hampshire County","White","Under 18","Male","74"
"Hampshire County","White","18 and over","Female","299"
"Hampshire County","White","18 and over","Male","772"
"Hampshire County","White","Unknown","Female","4"
"Hampshire County","White","Unknown","Male","25"
"Hampshire County","White","Missing","Female",""
"Hampshire County","White","Missing","Male",""
"Hampshire County","Black or African American","Under 18","Female","4"
"Hampshire County","Black or African American","Under 18","Male","24"
"Hampshire County","Black or African American","18 and over","Female","38"
"Hampshire County","Black or African American","18 and over","Male","133"
"Hampshire County","Black or African American","Unknown","Female","1"
"Hampshire County","Black or African American","Unknown","Male","2"
"Hampshire County","Black or African American","Missing","Female",""
"Hampshire County","Black or African American","Missing","Male",""
"Hampshire County","American Indian or Alaska Native","Under 18","Female",""
"Hampshire County","American Indian or Alaska Native","Under 18","Male",""
"Hampshire County","American Indian or Alaska Native","18 and over","Female",""
"Hampshire County","American Indian or Alaska Native","18 and over","Male","2"
"Hampshire County","American Indian or Alaska Native","Unknown","Female",""
"Hampshire County","American Indian or Alaska Native","Unknown","Male",""
"Hampshire County","American Indian or Alaska Native","Missing","Female",""
"Hampshire County","American Indian or Alaska Native","Missing","Male",""
"Hampshire County","Asian","Under 18","Female",""
"Hampshire County","Asian","Under 18","Male","3"
"Hampshire County","Asian","18 and over","Female","6"
"Hampshire County","Asian","18 and over","Male","25"
"Hampshire County","Asian","Unknown","Female","1"
"Hampshire County","Asian","Unknown","Male",""
"Hampshire County","Asian","Missing","Female",""
"Hampshire County","Asian","Missing","Male",""
"Hampshire County","Native Hawaiian or Other Pacific Islander","Under 18","Female",""
"Hampshire County","Native Hawaiian or Other Pacific Islander","Under 18","Male",""
"Hampshire County","Native Hawaiian or Other Pacific Islander","18 and over","Female",""
"Hampshire County","Native Hawaiian or Other Pacific Islander","18 and over","Male",""
"Hampshire County","Native Hawaiian or Other Pacific Islander","Unknown","Female",""
"Hampshire County","Native Hawaiian or Other Pacific Islander","Unknown","Male",""
"Hampshire County","Native Hawaiian or Other Pacific Islander","Missing","Female",""
"Hampshire County","Native Hawaiian or Other Pacific Islander","Missing","Male",""
"Middlesex County","White","Under 18","Female","204"
"Middlesex County","White","Under 18","Male","500"
"Middlesex County","White","18 and over","Female","1,418"
"Middlesex County","White","18 and over","Male","4,009"
"Middlesex County","White","Unknown","Female","24"
"Middlesex County","White","Unknown","Male","113"
"Middlesex County","White","Missing","Female",""
"Middlesex County","White","Missing","Male",""
"Middlesex County","Black or African American","Under 18","Female","53"
"Middlesex County","Black or African American","Under 18","Male","172"
"Middlesex County","Black or African American","18 and over","Female","398"
"Middlesex County","Black or African American","18 and over","Male","1,158"
"Middlesex County","Black or African American","Unknown","Female","7"
"Middlesex County","Black or African American","Unknown","Male","26"
"Middlesex County","Black or African American","Missing","Female",""
"Middlesex County","Black or African American","Missing","Male",""
"Middlesex County","American Indian or Alaska Native","Under 18","Female","1"
"Middlesex County","American Indian or Alaska Native","Under 18","Male",""
"Middlesex County","American Indian or Alaska Native","18 and over","Female","6"
"Middlesex County","American Indian or Alaska Native","18 and over","Male","10"
"Middlesex County","American Indian or Alaska Native","Unknown","Female","1"
"Middlesex County","American Indian or Alaska Native","Unknown","Male","1"
"Middlesex County","American Indian or Alaska Native","Missing","Female",""
"Middlesex County","American Indian or Alaska Native","Missing","Male",""
"Middlesex County","Asian","Under 18","Female","5"
"Middlesex County","Asian","Under 18","Male","8"
"Middlesex County","Asian","18 and over","Female","73"
"Middlesex County","Asian","18 and over","Male","249"
"Middlesex County","Asian","Unknown","Female",""
"Middlesex County","Asian","Unknown","Male","14"
"Middlesex County","Asian","Missing","Female",""
"Middlesex County","Asian","Missing","Male",""
"Middlesex County","Native Hawaiian or Other Pacific Islander","Under 18","Female",""
"Middlesex County","Native Hawaiian or Other Pacific Islander","Under 18","Male",""
"Middlesex County","Native Hawaiian or Other Pacific Islander","18 and over","Female","1"
"Middlesex County","Native Hawaiian or Other Pacific Islander","18 and over","Male",""
"Middlesex County","Native Hawaiian or Other Pacific Islander","Unknown","Female",""
"Middlesex County","Native Hawaiian or Other Pacific Islander","Unknown","Male",""
"Middlesex County","Native Hawaiian or Other Pacific Islander","Missing","Female",""
"Middlesex County","Native Hawaiian or Other Pacific Islander","Missing","Male",""
"Nantucket County","White","Under 18","Female","5"
"Nantucket County","White","Under 18","Male","15"
"Nantucket County","White","18 and over","Female","18"
"Nantucket County","White","18 and over","Male","91"
"Nantucket County","White","Unknown","Female",""
"Nantucket County","White","Unknown","Male","1"
"Nantucket County","White","Missing","Female",""
"Nantucket County","White","Missing","Male",""
"Nantucket County","Black or African American","Under 18","Female","1"
"Nantucket County","Black or African American","Under 18","Male",""
"Nantucket County","Black or African American","18 and over","Female","9"
"Nantucket County","Black or African American","18 and over","Male","20"
"Nantucket County","Black or African American","Unknown","Female",""
"Nantucket County","Black or African American","Unknown","Male",""
"Nantucket County","Black or African American","Missing","Female",""
"Nantucket County","Black or African American","Missing","Male",""
"Nantucket County","American Indian or Alaska Native","Under 18","Female",""
"Nantucket County","American Indian or Alaska Native","Under 18","Male",""
"Nantucket County","American Indian or Alaska Native","18 and over","Female",""
"Nantucket County","American Indian or Alaska Native","18 and over","Male",""
"Nantucket County","American Indian or Alaska Native","Unknown","Female",""
"Nantucket County","American Indian or Alaska Native","Unknown","Male",""
"Nantucket County","American Indian or Alaska Native","Missing","Female",""
"Nantucket County","American Indian or Alaska Native","Missing","Male",""
"Nantucket County","Asian","Under 18","Female",""
"Nantucket County","Asian","Under 18","Male",""
"Nantucket County","Asian","18 and over","Female","1"
"Nantucket County","Asian","18 and over","Male",""
"Nantucket County","Asian","Unknown","Female",""
"Nantucket County","Asian","Unknown","Male",""
"Nantucket County","Asian","Missing","Female",""
"Nantucket County","Asian","Missing","Male",""
"Nantucket County","Native Hawaiian or Other Pacific Islander","Under 18","Female",""
"Nantucket County","Native Hawaiian or Other Pacific Islander","Under 18","Male",""
"Nantucket County","Native Hawaiian or Other Pacific Islander","18 and over","Female",""
"Nantucket County","Native Hawaiian or Other Pacific Islander","18 and over","Male",""
"Nantucket County","Native Hawaiian or Other Pacific Islander","Unknown","Female",""
"Nantucket County","Native Hawaiian or Other Pacific Islander","Unknown","Male",""
"Nantucket County","Native Hawaiian or Other Pacific Islander","Missing","Female",""
"Nantucket County","Native Hawaiian or Other Pacific Islander","Missing","Male",""
"Norfolk County","White","Under 18","Female","71"
"Norfolk County","White","Under 18","Male","155"
"Norfolk County","White","18 and over","Female","648"
"Norfolk County","White","18 and over","Male","1,788"
"Norfolk County","White","Unknown","Female","4"
"Norfolk County","White","Unknown","Male","11"
"Norfolk County","White","Missing","Female",""
"Norfolk County","White","Missing","Male",""
"Norfolk County","Black or African American","Under 18","Female","81"
"Norfolk County","Black or African American","Under 18","Male","135"
"Norfolk County","Black or African American","18 and over","Female","311"
"Norfolk County","Black or African American","18 and over","Male","864"
"Norfolk County","Black or African American","Unknown","Female","4"
"Norfolk County","Black or African American","Unknown","Male","17"
"Norfolk County","Black or African American","Missing","Female",""
"Norfolk County","Black or African American","Missing","Male",""
"Norfolk County","American Indian or Alaska Native","Under 18","Female","1"
"Norfolk County","American Indian or Alaska Native","Under 18","Male","1"
"Norfolk County","American Indian or Alaska Native","18 and over","Female","2"
"Norfolk County","American Indian or Alaska Native","18 and over","Male","6"
"Norfolk County","American Indian or Alaska Native","Unknown","Female",""
"Norfolk County","American Indian or Alaska Native","Unknown","Male",""
"Norfolk County","American Indian or Alaska Native","Missing","Female",""
"Norfolk County","American Indian or Alaska Native","Missing","Male",""
"Norfolk County","Asian","Under 18","Female",""
"Norfolk County","Asian","Under 18","Male","13"
"Norfolk County","Asian","18 and over","Female","39"
"Norfolk County","Asian","18 and over","Male","85"
"Norfolk County","Asian","Unknown","Female","1"
"Norfolk County","Asian","Unknown","Male","4"
"Norfolk County","Asian","Missing","Female",""
"Norfolk County","Asian","Missing","Male",""
"Norfolk County","Native Hawaiian or Other Pacific Islander","Under 18","Female",""
"Norfolk County","Native Hawaiian or Other Pacific Islander","Under 18","Male",""
"Norfolk County","Native Hawaiian or Other Pacific Islander","18 and over","Female",""
"Norfolk County","Native Hawaiian or Other Pacific Islander","18 and over","Male","1"
"Norfolk County","Native Hawaiian or Other Pacific Islander","Unknown","Female",""
"Norfolk County","Native Hawaiian or Other Pacific Islander","Unknown","Male",""
"Norfolk County","Native Hawaiian or Other Pacific Islander","Missing","Female",""
"Norfolk County","Native Hawaiian or Other Pacific Islander","Missing","Male",""
"Plymouth County","White","Under 18","Female","78"
"Plymouth County","White","Under 18","Male","265"
"Plymouth County","White","18 and over","Female","696"
"Plymouth County","White","18 and over","Male","1,873"
"Plymouth County","White","Unknown","Female","6"
"Plymouth County","White","Unknown","Male","17"
"Plymouth County","White","Missing","Female",""
"Plymouth County","White","Missing","Male",""
"Plymouth County","Black or African American","Under 18","Female","79"
"Plymouth County","Black or African American","Under 18","Male","201"
"Plymouth County","Black or African American","18 and over","Female","349"
"Plymouth County","Black or African American","18 and over","Male","1,065"
"Plymouth County","Black or African American","Unknown","Female","2"
"Plymouth County","Black or African American","Unknown","Male","18"
"Plymouth County","Black or African American","Missing","Female",""
"Plymouth County","Black or African American","Missing","Male",""
"Plymouth County","American Indian or Alaska Native","Under 18","Female",""
"Plymouth County","American Indian or Alaska Native","Under 18","Male","1"
"Plymouth County","American Indian or Alaska Native","18 and over","Female","1"
"Plymouth County","American Indian or Alaska Native","18 and over","Male","6"
"Plymouth County","American Indian or Alaska Native","Unknown","Female",""
"Plymouth County","American Indian or Alaska Native","Unknown","Male",""
"Plymouth County","American Indian or Alaska Native","Missing","Female",""
"Plymouth County","American Indian or Alaska Native","Missing","Male",""
"Plymouth County","Asian","Under 18","Female","1"
"Plymouth County","Asian","Under 18","Male","2"
"Plymouth County","Asian","18 and over","Female","4"
"Plymouth County","Asian","18 and over","Male","17"
"Plymouth County","Asian","Unknown","Female",""
"Plymouth County","Asian","Unknown","Male",""
"Plymouth County","Asian","Missing","Female",""
"Plymouth County","Asian","Missing","Male",""
"Plymouth County","Native Hawaiian or Other Pacific Islander","Under 18","Female",""
"Plymouth County","Native Hawaiian or Other Pacific Islander","Under 18","Male",""
"Plymouth County","Native Hawaiian or Other Pacific Islander","18 and over","Female",""
"Plymouth County","Native Hawaiian or Other Pacific Islander","18 and over","Male",""
"Plymouth County","Native Hawaiian or Other Pacific Islander","Unknown","Female",""
"Plymouth County","Native Hawaiian or Other Pacific Islander","Unknown","Male",""
"Plymouth County","Native Hawaiian or Other Pacific Islander","Missing","Female",""
"Plymouth County","Native Hawaiian or Other Pacific Islander","Missing","Male",""
"Suffolk County","White","Under 18","Female","94"
"Suffolk County","White","Under 18","Male","190"
"Suffolk County","White","18 and over","Female","1,491"
"Suffolk County","White","18 and over","Male","3,974"
"Suffolk County","White","Unknown","Female","55"
"Suffolk County","White","Unknown","Male","195"
"Suffolk County","White","Missing","Female",""
"Suffolk County","White","Missing","Male",""
"Suffolk County","Black or African American","Under 18","Female","328"
"Suffolk County","Black or African American","Under 18","Male","536"
"Suffolk County","Black or African American","18 and over","Female","2,352"
"Suffolk County","Black or African American","18 and over","Male","5,084"
"Suffolk County","Black or African American","Unknown","Female","93"
"Suffolk County","Black or African American","Unknown","Male","340"
"Suffolk County","Black or African American","Missing","Female",""
"Suffolk County","Black or African American","Missing","Male",""
"Suffolk County","American Indian or Alaska Native","Under 18","Female",""
"Suffolk County","American Indian or Alaska Native","Under 18","Male",""
"Suffolk County","American Indian or Alaska Native","18 and over","Female","4"
"Suffolk County","American Indian or Alaska Native","18 and over","Male","14"
"Suffolk County","American Indian or Alaska Native","Unknown","Female",""
"Suffolk County","American Indian or Alaska Native","Unknown","Male",""
"Suffolk County","American Indian or Alaska Native","Missing","Female",""
"Suffolk County","American Indian or Alaska Native","Missing","Male",""
"Suffolk County","Asian","Under 18","Female","3"
"Suffolk County","Asian","Under 18","Male","8"
"Suffolk County","Asian","18 and over","Female","106"
"Suffolk County","Asian","18 and over","Male","233"
"Suffolk County","Asian","Unknown","Female","4"
"Suffolk County","Asian","Unknown","Male","7"
"Suffolk County","Asian","Missing","Female",""
"Suffolk County","Asian","Missing","Male",""
"Suffolk County","Native Hawaiian or Other Pacific Islander","Under 18","Female",""
"Suffolk County","Native Hawaiian or Other Pacific Islander","Under 18","Male","1"
"Suffolk County","Native Hawaiian or Other Pacific Islander","18 and over","Female","2"
"Suffolk County","Native Hawaiian or Other Pacific Islander","18 and over","Male","10"
"Suffolk County","Native Hawaiian or Other Pacific Islander","Unknown","Female",""
"Suffolk County","Native Hawaiian or Other Pacific Islander","Unknown","Male",""
"Suffolk County","Native Hawaiian or Other Pacific Islander","Missing","Female",""
"Suffolk County","Native Hawaiian or Other Pacific Islander","Missing","Male",""
"Worcester County","White","Under 18","Female","230"
"Worcester County","White","Under 18","Male","476"
"Worcester County","White","18 and over","Female","1,641"
"Worcester County","White","18 and over","Male","4,166"
"Worcester County","White","Unknown","Female","40"
"Worcester County","White","Unknown","Male","165"
"Worcester County","White","Missing","Female",""
"Worcester County","White","Missing","Male",""
"Worcester County","Black or African American","Under 18","Female","58"
"Worcester County","Black or African American","Under 18","Male","110"
"Worcester County","Black or African American","18 and over","Female","225"
"Worcester County","Black or African American","18 and over","Male","849"
"Worcester County","Black or African American","Unknown","Female","18"
"Worcester County","Black or African American","Unknown","Male","87"
"Worcester County","Black or African American","Missing","Female",""
"Worcester County","Black or African American","Missing","Male",""
"Worcester County","American Indian or Alaska Native","Under 18","Female","1"
"Worcester County","American Indian or Alaska Native","Under 18","Male",""
"Worcester County","American Indian or Alaska Native","18 and over","Female","2"
"Worcester County","American Indian or Alaska Native","18 and over","Male","4"
"Worcester County","American Indian or Alaska Native","Unknown","Female",""
"Worcester County","American Indian or Alaska Native","Unknown","Male",""
"Worcester County","American Indian or Alaska Native","Missing","Female",""
"Worcester County","American Indian or Alaska Native","Missing","Male",""
"Worcester County","Asian","Under 18","Female","2"
"Worcester County","Asian","Under 18","Male","4"
"Worcester County","Asian","18 and over","Female","12"
"Worcester County","Asian","18 and over","Male","65"
"Worcester County","Asian","Unknown","Female",""
"Worcester County","Asian","Unknown","Male","3"
"Worcester County","Asian","Missing","Female",""
"Worcester County","Asian","Missing","Male",""
"Worcester County","Native Hawaiian or Other Pacific Islander","Under 18","Female",""
"Worcester County","Native Hawaiian or Other Pacific Islander","Under 18","Male",""
"Worcester County","Native Hawaiian or Other Pacific Islander","18 and over","Female",""
"Worcester County","Native Hawaiian or Other Pacific Islander","18 and over","Male",""
"Worcester County","Native Hawaiian or Other Pacific Islander","Unknown","Female",""
"Worcester County","Native Hawaiian or Other Pacific Islander","Unknown","Male",""
"Worcester County","Native Hawaiian or Other Pacific Islander","Missing","Female",""
"Worcester County","Native Hawaiian or Other Pacific Islander","Missing","Male",""
